Question,Option A,Option B,Option C,Option D,Correct (A/B/C/D),Category,Difficulty,Marks,Image URL
Which planet is known as the Red Planet?,Venus,Mars,Jupiter,Mercury,B,Space,Easy,1,
What is the name of India's first Mars mission?,Chandrayaan-1,Aditya-L1,Mangalyaan,Gaganyaan,C,Space,Easy,1,
Which is the largest planet in our Solar System?,Saturn,Neptune,Earth,Jupiter,D,Space,Easy,1,
Which mission made India the first country to land near the Moon's south pole?,Chandrayaan-3,Chandrayaan-2,Mangalyaan,Astrosat,A,Space,Medium,1,
What is the name of ISRO's first solar observatory mission?,Surya-1,Aditya-L1,Helios,Prakash,B,Space,Medium,1,
Light from the Sun takes roughly how long to reach Earth?,8 seconds,8 minutes,8 hours,8 days,B,Space,Medium,1,
Who was the first Indian to travel to space?,Kalpana Chawla,Rakesh Sharma,Sunita Williams,Vikram Sarabhai,B,Space,Easy,1,
What is a light-year a measure of?,Time,Speed,Distance,Brightness,C,Space,Easy,1,
Which gas makes up most of Earth's atmosphere?,Oxygen,Carbon dioxide,Argon,Nitrogen,D,Science,Easy,1,
Which telescope launched in 2021 observes mainly in infrared light?,Hubble,James Webb,Kepler,Chandra,B,Space,Medium,1,
What does CPU stand for?,Central Processing Unit,Computer Power Unit,Core Program Utility,Central Peripheral Unit,A,Technology,Easy,1,
Which number system do computers use internally?,Decimal,Octal,Binary,Roman,C,Technology,Easy,1,
What does 'HTTP' stand for?,HyperText Transfer Protocol,High Transfer Text Process,Hyperlink Transmission Protocol,Home Tool Transfer Program,A,Technology,Medium,1,
Which company developed the Android operating system (before Google bought it)?,Android Inc.,Nokia,Samsung,Apple,A,Technology,Hard,1,
What is 1 byte equal to?,4 bits,8 bits,16 bits,32 bits,B,Technology,Easy,1,
Which Indian satellite navigation system is also called NavIC?,GAGAN,IRNSS,INSAT,GSAT,B,Technology,Hard,1,
What does 'AI' stand for in technology?,Automatic Input,Artificial Intelligence,Advanced Internet,Analog Interface,B,Technology,Easy,1,
Which device converts digital signals to analog for sending over phone lines?,Router,Switch,Modem,Hub,C,Technology,Medium,1,
What is the escape velocity from Earth's surface approximately?,3.2 km/s,11.2 km/s,25 km/s,1.1 km/s,B,Space,Hard,1,
Which launch vehicle is called ISRO's 'Bahubali'?,PSLV,GSLV Mk III (LVM3),SSLV,ASLV,B,Space,Medium,1,
